num,edge%,cloud%,optimal,qOpt,GalgorithmLalgorithm
,0.0,1.0,0.0,0.0,0.00.0
outs1/out50-15,0,0,10000,248.25
outs1/out50-20,0,0,10000,247.45
outs1/out50-25,0.3638525564803805,0.6361474435196195,247.47058823529412,245.05882352941177,266.47058823529414281.3529411764706
outs1/out50-30,0.3638525564803805,0.6361474435196195,247.35,246.15,254.05281.6
