num,edge%,cloud%,optimal,algorithm
,0.0,1.0,0.0,0.0
outs1/out12-30,0.16666666666666663,0.8333333333333334,65.0,265.0
outs1/out14-30,0.1923076923076923,0.8076923076923077,69.5,231.0
outs1/out16-30,0.29508196721311475,0.7049180327868853,79.25,531.75
outs1/out18-30,0.24528301886792447,0.7547169811320755,86.33333333333333,559.0
outs1/out20-30,0.24528301886792447,0.7547169811320755,96.0,644.3333333333334
