num,edge%,cloud%,optimal,algorithm
,0.0,1.0,0.0,0.0
outs1/out10-10,0.4,0.6,50.0,108.0
outs1/out12-10,0.4545454545454546,0.5454545454545454,60.0,177.0
outs1/out14-10,0.3076923076923077,0.6923076923076923,69.0,164.0
outs1/out16-10,0.4444444444444444,0.5555555555555556,78.75,230.75
outs1/out18-10,0.2941176470588235,0.7058823529411765,89.0,182.5
outs1/out20-10,0.2941176470588235,0.7058823529411765,98.5,247.0
