num,edge%,cloud%
,0.0,1.0
outs1/out10-10,0.4,0.6
outs1/out12-10,0.4545454545454546,0.5454545454545454
outs1/out14-10,0.3076923076923077,0.6923076923076923
outs1/out16-10,0.4444444444444444,0.5555555555555556
outs1/out18-10,0.2941176470588235,0.7058823529411765
outs1/out20-10,0.2941176470588235,0.7058823529411765
